folder_id,folder_name
1,3022_DY_3346244_0001_0104
2,3016_DY_32949247273_0000_0104
3,3013_DY_32498844822_0001_0106
4,3009_DY_32422394271_4_0000_0101
5,3000_DY_31579087586_0000_0104
6,2997_DY_31386364745_0000_0100
7,2995_DY_30889518211_0000_0101
8,2985_DY_29231758957_5_0000_0102
9,2975_DY_28930447_0003_0108
10,2974_DY_288733606_0000_0104
11,2972_DY_28640870943_0000_0101
12,2967_DY_281389757_0000_0104
13,2961_DY_271294296_0000_0105
14,2951_DY_26642134783_0000_0105
15,2946_DY_24584422158_0002_0106
16,2945_DY_24584422158_0000_0102
17,2939_DY_24017811824_0000_0104
18,2936_DY_23623679586_0000_0104
19,2934_DY_23393624955_0001_0104
20,2930_DY_22798226868_0000_0102
21,2929_DY_2246724688_0000_0105
22,2928_DY_2244634401_0000_0105
23,2926_DY_22395566520_0004_0109
24,2910_DY_2199713889_0000_0104
25,2902_DY_2179084579_0000_0104
26,2898_DY_2169641585_0002_0105
27,2896_DY_2155958598_0000_0136
28,2895_DY_2151362543_0000_0100
29,2892_DY_2138453400_0000_0104
30,2890_DY_2133923295_0000_0103
31,2881_DY_2109015246_0002_0120
32,2880_DY_2109015246_0000_0120
33,2877_DY_209515268_0000_0102
34,2874_DY_2081422457_0000_0100
35,2870_DY_20648827970_0000_0115
36,2868_DY_2062365346_0000_0104
37,2867_DY_2058155360_0000_0101
38,2866_DY_2057064856_0000_0104
39,2861_DY_20506253_0009_0114
40,2857_DY_2042380306_0000_0104
41,2853_DY_2028281250_0005_0105
42,2852_DY_2020LPF_0230_0335
43,2849_DY_2015990185_0000_0104
44,2846_DY_200270008_0000_0104
45,2844_DY_2000903255_0000_0102
46,2843_DY_2000606408_0000_0100
47,2839_DY_198871967_0000_0104
48,2835_DY_193810965_0000_0104
49,2832_DY_1928136486_0000_0100
50,2819_DY_1877544343_0000_0100
51,2817_DY_1874640541_0001_0104
52,2816_DY_1873692383_0001_0104
53,2815_DY_1872639720_0000_0102
54,2814_DY_1872549228_0000_0103
55,2813_DY_187131ye55268_0000_0105
56,2812_DY_1870936366_0000_0057
57,2811_DY_1867591479_0000_0107
58,2802_DY_1832694891_0000_0059
59,2800_DY_1830087125_0114_0220
60,2799_DY_1823406789_0000_0104
61,2798_DY_18222841324slf_0009_0112
62,2797_DY_182148504_0000_0105
63,2787_DY_1773057545_0000_0104
64,2786_DY_1772880687_0000_0104
65,2784_DY_1765150583_0000_0118
66,2783_DY_1761993874_0000_0059
67,2781_DY_1752272142_0000_0104
68,2779_DY_173606062_0044_0149
69,2775_DY_1720824198_0002_0104
70,2774_DY_1708649368_0004_0106
71,2773_DY_170856187_0000_0104
72,2768_DY_169694256_0000_0101
73,2764_DY_169105147_0000_0104
74,2763_DY_1683769798_0000_0058
75,2755_DY_1662511261_0000_0104
76,2750_DY_1647585974_0000_0105
77,2748_DY_1633792088_0000_0104
78,2740_DY_1590867542_0000_0104
79,2739_DY_1590285810_0000_0104
80,2737_DY_1588674122_0000_0100
81,2734_DY_1578000807_0000_0102
82,2732_DY_1575968978_0000_0055
83,2727_DY_156000028_0000_0104
84,2724_DY_154642572_0000_0110
85,2723_DY_1535135645_0000_0104
86,2717_DY_1517402035_0000_0104
87,2714_DY_1506070200_0000_0057
88,2709_DY_1489650848_0000_0105
89,2701_DY_141167020_0000_0237
90,2700_DY_1400265822_0000_0102
91,2698_DY_1395236776_0000_0058
92,2696_DY_1384452374_0000_0104
93,2687_DY_1335122127_0000_0104
94,2684_DY_13321097891977196_0000_0058
95,2681_DY_13321097296106542_0000_0106
96,2679_DY_13321096927442440_0000_0104
97,2666_DY_13321082009440258_0002_0104
98,2665_DY_13321079091836975_0000_0103
99,2662_DY_13321078543293810_0000_0156
100,2661_DY_13321078363385131_0000_0103
101,2657_DY_13321077181337046_0000_0110
102,2654_DY_13321076653877841_0000_0103
103,2651_DY_13321076034275817_0000_0103
104,2650_DY_13321075859413354_0001_0103
105,2649_DY_13321075520568799_0000_0056
106,2648_DY_13321075346268264_0000_0106
107,2645_DY_13321074263315770_0000_0103
108,2644_DY_13321074150826048_0000_0101
109,2640_DY_13321072831498679_0000_0104
110,2634_DY_13321070926723365_0000_0104
111,2632_DY_13321070646290540_0000_0101
112,2630_DY_13321070188673102_0000_0104
113,2627_DY_13321068403005319_0000_0104
114,2626_DY_13321012997490226_0000_0105
115,2623_DY_13321011237085763_0000_0104
116,2622_DY_13321010985181419_0000_0104
117,2621_DY_13321010544409233_0000_0104
118,2620_DY_13321010002514273_0000_0056
119,2617_DY_13320926396683964_0000_0105
120,2615_DY_13320918396493995_0000_0103
121,2614_DY_13320917764813020_0000_0104
122,2611_DY_13320915472940332_0000_0103
123,2610_DY_13320915206037831_0000_0100
124,2609_DY_13320914780574900_0000_0102
125,2608_DY_1314ryxc_0002_0106
126,2605_DY_1305989588_0004_0109
127,2600_DY_123lvshi_0000_0104
128,2598_DY_123lihun_0005_0110
129,2590_DY_1193378401_0000_0104
130,2586_DY_116862047_0000_0105
131,2585_DY_1159943726_0005_0108
132,2582_DY_114586000_0000_0104
133,2577_DY_1119200433_0000_0059
134,2576_DY_1109463831_0000_0057
135,2572_DY_1105619864_0000_0105
136,2566_DY_1082330967_0004_0107
137,2565_DY_10790847_0000_0105
138,2563_DY_1071984839_0000_0102
139,2557_DY_1061933899_0004_0108
140,2550_DY_103391611_0000_0104
141,2548_DY_1028608157_0001_0109
142,2542_DY_1015304940_0000_0204
143,2535_DY_0755lawyer_0000_0104
144,2534_DY_053188812358k_0000_0104
145,2528_DY-NJ_LawyerXu_0002_0105
146,2525_KS_zuoruilvshi_0000_0105
147,2524_KS_zuohuipufa_0000_0105
148,2523_KS_ZHX20111006_0000_0105
